<map>
  <entry>
    <string>IMU</string>
    <roslab.artifacts.ModuleSpec>
      <builtin>false</builtin>
      <type>IMU</type>
      <role>ROS Service</role>
      <sig>
        <type>IMU</type>
        <sendPortNames>
          <roslab.types.builtins.PortName>
            <portName>/imu_data</portName>
          </roslab.types.builtins.PortName>
        </sendPortNames>
        <recvPortNames/>
        <sendPortTypes>
          <roslab.types.builtins.PortType>
            <portType>Orientation</portType>
            <rosType>sensor_msgs::Imu</rosType>
            <includeDeps>
              <string>sensor_msgs/Imu.h</string>
            </includeDeps>
          </roslab.types.builtins.PortType>
        </sendPortTypes>
        <recvPortTypes/>
        <taskDescriptors/>
        <shareable>false</shareable>
      </sig>
      <includeDeps/>
    </roslab.artifacts.ModuleSpec>
  </entry>
  <entry>
    <string>Joystick</string>
    <roslab.artifacts.ModuleSpec>
      <builtin>false</builtin>
      <type>Joystick</type>
      <role>ROS Service</role>
      <sig>
        <type>Joystick</type>
        <sendPortNames>
          <roslab.types.builtins.PortName>
            <portName>/joy</portName>
          </roslab.types.builtins.PortName>
        </sendPortNames>
        <recvPortNames/>
        <sendPortTypes>
          <roslab.types.builtins.PortType>
            <portType>Joystick</portType>
            <rosType>sensor_msgs::Joy</rosType>
            <includeDeps>
              <string>sensor_msgs/Joy.h</string>
            </includeDeps>
          </roslab.types.builtins.PortType>
        </sendPortTypes>
        <recvPortTypes/>
        <taskDescriptors/>
        <shareable>false</shareable>
      </sig>
      <includeDeps/>
    </roslab.artifacts.ModuleSpec>
  </entry>
  <entry>
    <string>GPS</string>
    <roslab.artifacts.ModuleSpec>
      <builtin>false</builtin>
      <type>GPS</type>
      <role>ROS Service</role>
      <sig>
        <type>GPS</type>
        <sendPortNames>
          <roslab.types.builtins.PortName>
            <portName>/gps</portName>
          </roslab.types.builtins.PortName>
        </sendPortNames>
        <recvPortNames/>
        <sendPortTypes>
          <roslab.types.builtins.PortType>
            <portType>NavSatFix</portType>
            <rosType>sensor_msgs::Gps</rosType>
            <includeDeps>
              <string>sensor_msgs/Gps.h</string>
            </includeDeps>
          </roslab.types.builtins.PortType>
        </sendPortTypes>
        <recvPortTypes/>
        <taskDescriptors/>
        <shareable>false</shareable>
      </sig>
      <includeDeps/>
    </roslab.artifacts.ModuleSpec>
  </entry>
  <entry>
    <string>Odometry</string>
    <roslab.artifacts.ModuleSpec>
      <builtin>false</builtin>
      <type>Odometry</type>
      <role>ROS Service</role>
      <sig>
        <type>Odometry</type>
        <sendPortNames>
          <roslab.types.builtins.PortName>
            <portName>/odom</portName>
          </roslab.types.builtins.PortName>
        </sendPortNames>
        <recvPortNames/>
        <sendPortTypes>
          <roslab.types.builtins.PortType>
            <portType>Odometry</portType>
            <rosType>nav_msgs::Odometry</rosType>
            <includeDeps>
              <string>nav_msgs/Odometry.h</string>
            </includeDeps>
          </roslab.types.builtins.PortType>
        </sendPortTypes>
        <recvPortTypes/>
        <taskDescriptors/>
        <shareable>false</shareable>
      </sig>
      <includeDeps/>
    </roslab.artifacts.ModuleSpec>
  </entry>
  <entry>
    <string>Velocity</string>
    <roslab.artifacts.ModuleSpec>
      <builtin>false</builtin>
      <type>Velocity</type>
      <role>ROS Service</role>
      <sig>
        <type>Velocity</type>
        <sendPortNames/>
        <recvPortNames>
          <roslab.types.builtins.PortName>
            <portName>/cmd_vel</portName>
          </roslab.types.builtins.PortName>
        </recvPortNames>
        <sendPortTypes/>
        <recvPortTypes>
          <roslab.types.builtins.PortType>
            <portType>Twist</portType>
            <rosType>geometry_msgs::Twist</rosType>
            <includeDeps>
              <string>geometry_msgs/Twist.h</string>
            </includeDeps>
          </roslab.types.builtins.PortType>
        </recvPortTypes>
        <taskDescriptors/>
        <shareable>false</shareable>
      </sig>
      <includeDeps/>
    </roslab.artifacts.ModuleSpec>
  </entry>
</map>